-- phpMyAdmin SQL Dump
-- version 5.2.0
-- https://www.phpmyadmin.net/
--
-- Host: 127.0.0.1
-- Generation Time: Apr 19, 2023 at 03:10 PM
-- Server version: 10.4.24-MariaDB
-- PHP Version: 8.1.6

SET SQL_MODE = "NO_AUTO_VALUE_ON_ZERO";
START TRANSACTION;
SET time_zone = "+00:00";


/*!40101 SET @OLD_CHARACTER_SET_CLIENT=@@CHARACTER_SET_CLIENT */;
/*!40101 SET @OLD_CHARACTER_SET_RESULTS=@@CHARACTER_SET_RESULTS */;
/*!40101 SET @OLD_COLLATION_CONNECTION=@@COLLATION_CONNECTION */;
/*!40101 SET NAMES utf8mb4 */;

--
-- Database: `purchase_pattern`
--

-- --------------------------------------------------------

--
-- Table structure for table `methods`
--

CREATE TABLE `methods` (
  `ID` int(1) NOT NULL,
  `Payment_Method` varchar(6) DEFAULT NULL
) ENGINE=InnoDB DEFAULT CHARSET=utf8;

--
-- Dumping data for table `methods`
--

INSERT INTO `methods` (`ID`, `Payment_Method`) VALUES
(1, 'Credit'),
(2, 'Paypal');

-- --------------------------------------------------------

--
-- Table structure for table `orders`
--

CREATE TABLE `orders` (
  `Ord_ID` int(5) NOT NULL,
  `Region` int(1) DEFAULT NULL,
  `Payment` int(1) DEFAULT NULL,
  `Source` int(1) DEFAULT NULL,
  `Amount` decimal(5,2) DEFAULT NULL,
  `Product` int(1) DEFAULT NULL,
  `Time` varchar(5) DEFAULT NULL,
  `Period` int(1) DEFAULT NULL
) ENGINE=InnoDB DEFAULT CHARSET=utf8;

--
-- Dumping data for table `orders`
--

INSERT INTO `orders` (`Ord_ID`, `Region`, `Payment`, `Source`, `Amount`, `Product`, `Time`, `Period`) VALUES
(10001, 1, 2, 2, '20.19', 2, '22:19', 5),
(10002, 4, 1, 2, '17.85', 2, '13:27', 4),
(10003, 2, 1, 2, '23.98', 2, '14:27', 4),
(10004, 4, 2, 1, '23.51', 1, '15:38', 4),
(10005, 3, 1, 2, '15.33', 1, '15:21', 4),
(10006, 4, 2, 1, '17.30', 2, '13:11', 4),
(10007, 1, 1, 2, '177.72', 1, '21:59', 5),
(10008, 4, 1, 2, '21.76', 1, '4:04', 2),
(10009, 4, 2, 2, '15.92', 2, '19:35', 1),
(10010, 3, 2, 2, '23.39', 2, '13:26', 4),
(10011, 3, 2, 1, '24.45', 1, '14:17', 4),
(10012, 1, 1, 2, '20.39', 1, '1:01', 3),
(10013, 2, 2, 2, '19.54', 2, '10:04', 5),
(10014, 1, 1, 2, '151.67', 1, '9:09', 5),
(10015, 4, 1, 2, '21.01', 2, '5:05', 2),
(10016, 4, 2, 2, '22.91', 2, '20:29', 5),
(10017, 4, 1, 1, '19.51', 1, '15:03', 4),
(10018, 4, 2, 2, '20.16', 1, '18:54', 1),
(10019, 4, 1, 2, '17.53', 2, '20:00', 5),
(10020, 4, 1, 2, '17.74', 2, '12:37', 4),
(10021, 2, 2, 1, '17.16', 1, '5:05', 2),
(10022, 4, 1, 2, '205.58', 1, '20:42', 5),
(10023, 3, 1, 1, '18.12', 1, '10:12', 5),
(10024, 4, 1, 2, '20.04', 2, '16:27', 1),
(10025, 4, 2, 1, '23.21', 2, '20:22', 5),
(10026, 4, 1, 1, '22.79', 2, '19:58', 1),
(10027, 4, 1, 2, '16.91', 2, '19:44', 1),
(10028, 3, 1, 2, '20.22', 1, '19:28', 1),
(10029, 1, 2, 2, '18.36', 2, '15:48', 4),
(10030, 4, 2, 1, '206.80', 1, '18:14', 1),
(10031, 2, 2, 1, '17.95', 2, '15:15', 4),
(10032, 1, 1, 2, '18.29', 1, '12:59', 4),
(10033, 3, 2, 2, '18.55', 1, '17:38', 1),
(10034, 4, 1, 2, '18.82', 1, '2:02', 3),
(10035, 4, 1, 2, '16.35', 1, '14:05', 4),
(10036, 1, 1, 2, '16.30', 2, '4:04', 2),
(10037, 3, 2, 2, '217.00', 1, '0:00', 3),
(10038, 1, 1, 2, '16.15', 2, '10:28', 5),
(10039, 2, 1, 2, '18.78', 2, '5:05', 2),
(10040, 3, 1, 2, '150.99', 1, '7:07', 2),
(10041, 4, 1, 2, '21.39', 2, '19:20', 1),
(10042, 4, 1, 2, '16.60', 2, '16:23', 1),
(10043, 3, 2, 2, '23.81', 1, '7:07', 2),
(10044, 3, 1, 2, '15.87', 1, '13:46', 4),
(10045, 4, 1, 2, '20.82', 2, '9:09', 5),
(10046, 3, 1, 2, '21.15', 1, '6:06', 2),
(10047, 3, 2, 2, '19.66', 2, '18:50', 1),
(10048, 4, 2, 1, '21.02', 2, '3:03', 3),
(10049, 4, 1, 2, '23.13', 2, '6:06', 2),
(10050, 4, 2, 2, '15.17', 2, '18:53', 1),
(10051, 1, 2, 2, '209.51', 1, '9:09', 5),
(10052, 4, 1, 2, '16.03', 1, '17:28', 1),
(10053, 2, 1, 1, '16.17', 2, '13:18', 4),
(10054, 1, 1, 2, '18.37', 2, '8:08', 5),
(10055, 1, 1, 2, '15.96', 1, '8:08', 5),
(10056, 2, 2, 2, '19.29', 1, '0:00', 3),
(10057, 4, 2, 1, '16.49', 2, '19:59', 1),
(10058, 1, 2, 2, '18.12', 1, '17:35', 1),
(10059, 1, 1, 2, '18.22', 2, '15:52', 4),
(10060, 1, 1, 2, '18.32', 1, '10:15', 5),
(10061, 4, 1, 2, '23.77', 2, '19:53', 1),
(10062, 1, 2, 2, '24.35', 1, '15:16', 4),
(10063, 3, 1, 1, '20.13', 2, '13:55', 4),
(10064, 2, 1, 1, '20.77', 2, '13:34', 4),
(10065, 2, 1, 1, '16.98', 2, '19:21', 1),
(10066, 1, 1, 1, '19.40', 1, '15:02', 4),
(10067, 1, 2, 1, '23.49', 1, '4:04', 2),
(10068, 3, 1, 2, '15.58', 1, '11:39', 5),
(10069, 3, 1, 2, '21.94', 2, '20:19', 5),
(10070, 3, 1, 1, '229.73', 1, '1:01', 3),
(10071, 4, 1, 2, '16.06', 1, '10:31', 5),
(10072, 3, 1, 2, '22.21', 2, '10:01', 5),
(10073, 4, 1, 1, '21.58', 2, '0:00', 3),
(10074, 2, 2, 1, '16.09', 1, '3:03', 3),
(10075, 1, 1, 1, '16.10', 2, '10:13', 5),
(10076, 1, 1, 2, '15.95', 2, '0:00', 3),
(10077, 3, 1, 1, '17.77', 1, '1:01', 3),
(10078, 2, 1, 2, '19.30', 2, '11:24', 5),
(10079, 4, 2, 2, '21.75', 1, '10:23', 5),
(10080, 4, 2, 2, '20.51', 1, '11:29', 5),
(10081, 2, 1, 2, '16.14', 2, '4:04', 2),
(10082, 4, 2, 1, '157.76', 1, '19:02', 1),
(10083, 3, 1, 2, '21.55', 1, '9:09', 5),
(10084, 2, 2, 2, '21.85', 2, '12:24', 4),
(10085, 1, 1, 2, '21.70', 2, '13:33', 4),
(10086, 1, 2, 2, '20.31', 1, '19:26', 1),
(10087, 1, 1, 1, '23.62', 1, '22:20', 5),
(10088, 1, 1, 2, '216.37', 1, '10:20', 5),
(10089, 2, 2, 2, '21.99', 2, '3:03', 3),
(10090, 4, 1, 1, '18.20', 2, '5:05', 2),
(10091, 1, 1, 1, '17.31', 1, '0:00', 3),
(10092, 4, 1, 2, '23.94', 1, '16:08', 1),
(10093, 4, 2, 1, '174.25', 1, '18:31', 1),
(10094, 4, 2, 2, '20.26', 2, '4:04', 2),
(10095, 2, 1, 2, '18.73', 2, '0:00', 3),
(10096, 2, 2, 2, '22.88', 1, '13:09', 4),
(10097, 4, 2, 2, '19.15', 2, '14:44', 4),
(10098, 3, 1, 1, '15.33', 1, '1:01', 3),
(10099, 4, 2, 2, '20.82', 2, '18:01', 1),
(10100, 4, 1, 2, '20.61', 2, '18:29', 1),
(10101, 1, 1, 2, '16.43', 2, '11:23', 5),
(10102, 4, 1, 2, '21.10', 2, '2:02', 3),
(10103, 2, 2, 1, '21.64', 1, '22:40', 5),
(10104, 4, 2, 1, '18.06', 1, '16:00', 1),
(10105, 1, 1, 2, '19.35', 1, '10:06', 5),
(10106, 2, 1, 2, '23.70', 2, '19:02', 1),
(10107, 2, 1, 2, '18.93', 1, '9:09', 5),
(10108, 2, 1, 1, '16.83', 1, '16:20', 1),
(10109, 4, 1, 2, '22.19', 1, '18:52', 1),
(10110, 4, 1, 2, '23.90', 1, '19:40', 1),
(10111, 1, 1, 2, '17.47', 2, '10:53', 5),
(10112, 4, 1, 1, '209.37', 1, '20:11', 5),
(10113, 2, 1, 2, '18.00', 2, '8:08', 5),
(10114, 1, 1, 2, '22.83', 1, '10:17', 5),
(10115, 1, 1, 1, '20.31', 2, '14:34', 4),
(10116, 3, 2, 2, '22.06', 2, '11:07', 5),
(10117, 2, 2, 2, '15.22', 1, '10:39', 5),
(10118, 3, 2, 2, '20.60', 2, '20:46', 5),
(10119, 1, 1, 2, '18.25', 2, '20:42', 5),
(10120, 1, 1, 2, '174.18', 1, '12:42', 4),
(10121, 2, 1, 1, '19.58', 2, '22:31', 5),
(10122, 4, 2, 2, '17.91', 1, '19:14', 1),
(10123, 4, 1, 2, '22.90', 1, '12:16', 4),
(10124, 2, 2, 2, '22.26', 1, '17:50', 1),
(10125, 3, 1, 2, '19.04', 1, '15:23', 4),
(10126, 1, 1, 2, '17.42', 2, '5:05', 2),
(10127, 4, 2, 2, '18.54', 1, '19:30', 1),
(10128, 2, 1, 2, '19.74', 2, '12:49', 4),
(10129, 4, 1, 2, '22.03', 2, '14:49', 4),
(10130, 4, 2, 2, '236.49', 1, '16:24', 1),
(10131, 3, 2, 1, '19.30', 2, '17:00', 1),
(10132, 1, 1, 1, '23.73', 2, '16:57', 1),
(10133, 4, 2, 2, '19.96', 1, '16:50', 1),
(10134, 1, 1, 2, '20.75', 2, '15:02', 4),
(10135, 3, 2, 2, '22.37', 2, '8:08', 5),
(10136, 4, 1, 1, '24.03', 2, '11:14', 5),
(10137, 4, 1, 2, '24.59', 2, '4:04', 2),
(10138, 4, 2, 1, '155.91', 1, '18:38', 1),
(10139, 1, 1, 1, '16.43', 1, '9:09', 5),
(10140, 3, 2, 2, '15.71', 1, '16:44', 1),
(10141, 4, 2, 2, '15.19', 1, '16:22', 1),
(10142, 4, 2, 2, '21.35', 2, '17:54', 1),
(10143, 4, 1, 2, '19.47', 2, '18:17', 1),
(10144, 4, 1, 2, '21.49', 2, '9:09', 5),
(10145, 1, 2, 2, '22.20', 2, '12:29', 4),
(10146, 1, 2, 2, '21.15', 2, '7:07', 2),
(10147, 1, 1, 2, '15.16', 2, '11:19', 5),
(10148, 1, 1, 1, '15.71', 1, '9:09', 5),
(10149, 4, 2, 2, '24.65', 1, '20:41', 5),
(10150, 4, 2, 1, '24.88', 1, '15:23', 4),
(10151, 1, 2, 1, '17.49', 1, '21:46', 5),
(10152, 4, 1, 2, '19.71', 2, '7:07', 2),
(10153, 3, 1, 2, '17.33', 1, '2:02', 3),
(10154, 4, 1, 2, '15.56', 2, '21:07', 5),
(10155, 1, 1, 2, '18.94', 2, '20:00', 5),
(10156, 2, 1, 2, '22.86', 1, '16:02', 1),
(10157, 3, 2, 2, '15.18', 1, '6:06', 2),
(10158, 3, 1, 2, '22.46', 1, '17:44', 1),
(10159, 4, 1, 1, '21.39', 1, '17:17', 1),
(10160, 3, 1, 1, '22.17', 2, '10:23', 5),
(10161, 2, 2, 2, '234.63', 1, '9:09', 5),
(10162, 2, 2, 2, '24.97', 1, '22:11', 5),
(10163, 4, 1, 2, '15.72', 1, '10:53', 5),
(10164, 1, 1, 2, '24.35', 1, '8:08', 5),
(10165, 4, 2, 1, '16.09', 1, '8:08', 5),
(10166, 4, 1, 2, '23.51', 1, '16:18', 1),
(10167, 2, 2, 2, '22.59', 1, '16:51', 1),
(10168, 1, 1, 2, '15.59', 2, '9:09', 5),
(10169, 4, 1, 2, '190.81', 1, '21:57', 5),
(10170, 4, 2, 2, '21.12', 1, '16:40', 1),
(10171, 2, 1, 2, '24.60', 2, '20:38', 5),
(10172, 2, 2, 2, '21.22', 2, '12:20', 4),
(10173, 4, 1, 2, '21.78', 2, '7:07', 2),
(10174, 4, 1, 2, '16.54', 2, '17:52', 1),
(10175, 1, 1, 1, '177.32', 1, '15:52', 4),
(10176, 3, 1, 2, '21.50', 1, '10:53', 5),
(10177, 4, 2, 2, '24.65', 2, '20:45', 5),
(10178, 2, 2, 2, '19.43', 2, '9:09', 5),
(10179, 4, 1, 2, '21.12', 2, '20:13', 5),
(10180, 4, 1, 2, '18.10', 2, '20:32', 5),
(10181, 1, 1, 1, '24.40', 1, '13:25', 4),
(10182, 3, 1, 2, '19.37', 1, '21:48', 5),
(10183, 4, 1, 1, '19.17', 2, '0:00', 3),
(10184, 3, 1, 1, '241.77', 1, '9:09', 5),
(10185, 4, 2, 2, '19.65', 1, '20:46', 5),
(10186, 4, 2, 2, '19.88', 1, '8:08', 5),
(10187, 4, 2, 2, '15.18', 2, '12:30', 4),
(10188, 4, 2, 2, '15.08', 1, '12:15', 4),
(10189, 2, 2, 2, '23.74', 1, '5:05', 2),
(10190, 2, 1, 2, '19.44', 1, '9:09', 5),
(10191, 3, 1, 2, '17.70', 2, '2:02', 3),
(10192, 4, 1, 2, '16.99', 2, '17:34', 1),
(10193, 1, 2, 1, '16.13', 1, '13:37', 4),
(10194, 4, 2, 2, '24.80', 2, '20:28', 5),
(10195, 4, 2, 2, '17.52', 1, '20:35', 5),
(10196, 2, 2, 2, '23.63', 1, '19:47', 1),
(10197, 4, 1, 2, '23.03', 2, '11:27', 5),
(10198, 4, 2, 2, '21.03', 2, '19:18', 1),
(10199, 3, 1, 2, '21.88', 1, '3:03', 3),
(10200, 3, 1, 1, '24.86', 1, '17:27', 1),
(10201, 2, 1, 1, '21.43', 2, '7:07', 2),
(10202, 3, 2, 2, '16.32', 2, '15:09', 4),
(10203, 1, 1, 2, '17.20', 2, '0:00', 3),
(10204, 2, 2, 2, '17.87', 2, '7:07', 2),
(10205, 3, 1, 2, '17.27', 2, '7:07', 2),
(10206, 3, 1, 2, '19.76', 1, '21:13', 5),
(10207, 1, 2, 2, '17.10', 1, '6:06', 2),
(10208, 4, 1, 1, '15.66', 1, '11:18', 5),
(10209, 4, 1, 2, '22.37', 1, '16:21', 1),
(10210, 1, 1, 2, '15.81', 2, '12:26', 4),
(10211, 3, 1, 2, '18.75', 2, '2:02', 3),
(10212, 4, 1, 1, '192.41', 1, '20:23', 5),
(10213, 3, 1, 1, '242.52', 1, '9:09', 5),
(10214, 2, 1, 2, '20.40', 1, '0:00', 3),
(10215, 1, 1, 2, '24.71', 2, '12:45', 4),
(10216, 1, 1, 2, '21.49', 2, '8:08', 5),
(10217, 4, 2, 2, '22.26', 2, '5:05', 2),
(10218, 4, 1, 2, '22.39', 1, '16:16', 1),
(10219, 1, 1, 1, '21.01', 1, '8:08', 5),
(10220, 4, 1, 2, '226.15', 1, '16:41', 1),
(10221, 4, 2, 2, '20.67', 1, '19:27', 1),
(10222, 4, 1, 2, '21.72', 2, '20:04', 5),
(10223, 1, 1, 1, '16.34', 1, '17:53', 1),
(10224, 4, 1, 2, '19.19', 1, '19:08', 1),
(10225, 4, 1, 1, '19.21', 2, '2:02', 3),
(10226, 4, 1, 2, '16.06', 1, '17:30', 1),
(10227, 3, 2, 2, '20.87', 2, '13:41', 4),
(10228, 4, 1, 2, '15.33', 2, '5:05', 2),
(10229, 4, 1, 2, '23.58', 2, '2:02', 3),
(10230, 2, 1, 1, '15.34', 1, '10:08', 5),
(10231, 2, 2, 2, '216.20', 1, '10:33', 5),
(10232, 1, 1, 1, '21.85', 2, '14:28', 4),
(10233, 4, 1, 2, '23.59', 1, '3:03', 3),
(10234, 2, 2, 2, '20.44', 1, '11:52', 5),
(10235, 1, 1, 2, '22.05', 2, '8:08', 5),
(10236, 4, 2, 1, '20.42', 1, '0:00', 3),
(10237, 4, 1, 1, '20.49', 2, '20:10', 5),
(10238, 4, 1, 2, '161.46', 1, '14:23', 4),
(10239, 3, 2, 2, '19.69', 2, '4:04', 2),
(10240, 3, 2, 2, '24.16', 1, '2:02', 3),
(10241, 1, 1, 2, '22.80', 2, '10:59', 5),
(10242, 1, 2, 2, '243.70', 1, '20:26', 5),
(10243, 4, 2, 2, '210.38', 1, '12:19', 4),
(10244, 4, 2, 1, '161.50', 1, '16:15', 1),
(10245, 3, 1, 1, '21.92', 2, '6:06', 2),
(10246, 4, 1, 2, '23.75', 2, '20:34', 5),
(10247, 4, 1, 1, '23.74', 2, '3:03', 3),
(10248, 4, 2, 2, '21.67', 1, '12:41', 4),
(10249, 4, 2, 1, '22.04', 1, '3:03', 3),
(10250, 2, 2, 1, '17.83', 2, '12:55', 4),
(10251, 3, 2, 2, '23.60', 1, '2:02', 3),
(10252, 2, 1, 2, '19.90', 1, '14:04', 4),
(10253, 1, 1, 1, '209.20', 1, '17:19', 1),
(10254, 1, 1, 1, '24.00', 1, '11:52', 5),
(10255, 4, 1, 2, '17.81', 1, '12:36', 4),
(10256, 4, 2, 1, '24.77', 2, '0:00', 3),
(10257, 1, 1, 2, '21.00', 2, '17:14', 1),
(10258, 2, 2, 2, '191.43', 1, '16:36', 1),
(10259, 3, 2, 2, '24.52', 2, '21:59', 5),
(10260, 1, 1, 2, '17.34', 2, '8:08', 5),
(10261, 1, 2, 2, '17.19', 1, '3:03', 3),
(10262, 4, 1, 2, '22.55', 1, '11:43', 5),
(10263, 3, 1, 2, '15.35', 2, '10:15', 5),
(10264, 3, 1, 2, '23.20', 1, '15:38', 4),
(10265, 4, 1, 2, '241.65', 1, '20:39', 5),
(10266, 4, 2, 1, '242.40', 1, '17:19', 1),
(10267, 4, 2, 2, '23.01', 2, '17:44', 1),
(10268, 1, 1, 1, '17.22', 2, '1:01', 3),
(10269, 2, 2, 2, '15.96', 2, '1:01', 3),
(10270, 1, 1, 2, '15.45', 2, '9:09', 5),
(10271, 2, 1, 1, '17.41', 2, '5:05', 2),
(10272, 1, 1, 2, '21.64', 1, '10:39', 5),
(10273, 3, 1, 2, '157.86', 1, '5:05', 2),
(10274, 4, 2, 2, '18.17', 2, '16:09', 1),
(10275, 4, 1, 2, '18.73', 1, '20:18', 5),
(10276, 4, 2, 2, '17.24', 1, '20:47', 5),
(10277, 3, 1, 2, '23.91', 2, '13:59', 4),
(10278, 3, 1, 2, '22.12', 1, '17:31', 1),
(10279, 4, 1, 2, '15.25', 2, '19:11', 1),
(10280, 3, 1, 2, '24.77', 1, '0:00', 3),
(10281, 4, 2, 1, '20.28', 1, '6:06', 2),
(10282, 3, 2, 1, '20.33', 2, '8:08', 5),
(10283, 3, 1, 2, '16.90', 1, '21:41', 5),
(10284, 3, 2, 2, '16.47', 1, '16:22', 1),
(10285, 4, 2, 2, '21.18', 1, '15:10', 4),
(10286, 4, 1, 2, '15.86', 1, '18:00', 1),
(10287, 4, 1, 2, '24.42', 1, '1:01', 3),
(10288, 3, 2, 2, '222.38', 1, '18:53', 1),
(10289, 3, 2, 2, '188.85', 1, '5:05', 2),
(10290, 1, 1, 2, '15.32', 1, '9:09', 5),
(10291, 4, 1, 1, '24.71', 1, '16:22', 1),
(10292, 1, 1, 2, '20.97', 1, '11:17', 5),
(10293, 4, 1, 1, '21.92', 2, '19:17', 1),
(10294, 4, 2, 2, '15.40', 1, '17:16', 1),
(10295, 1, 1, 2, '23.08', 1, '7:07', 2),
(10296, 1, 2, 2, '23.40', 2, '1:01', 3),
(10297, 2, 1, 2, '22.65', 1, '6:06', 2),
(10298, 1, 2, 1, '24.61', 1, '13:08', 4),
(10299, 1, 1, 2, '24.97', 1, '16:53', 1),
(10300, 3, 1, 2, '18.57', 1, '12:45', 4),
(10301, 4, 1, 1, '16.15', 2, '3:03', 3),
(10302, 4, 2, 2, '19.95', 1, '19:35', 1),
(10303, 4, 2, 2, '15.61', 2, '22:02', 5),
(10304, 3, 1, 1, '19.13', 1, '22:55', 5),
(10305, 4, 1, 2, '231.23', 1, '0:00', 3),
(10306, 1, 1, 1, '244.75', 1, '10:13', 5),
(10307, 3, 2, 2, '21.36', 2, '20:25', 5),
(10308, 4, 1, 2, '21.83', 1, '1:01', 3),
(10309, 3, 1, 1, '21.58', 2, '1:01', 3),
(10310, 2, 2, 1, '17.51', 1, '20:19', 5),
(10311, 3, 2, 2, '23.29', 2, '4:04', 2),
(10312, 4, 2, 2, '18.35', 1, '20:54', 5),
(10313, 4, 1, 1, '23.06', 2, '11:48', 5),
(10314, 3, 1, 2, '19.81', 2, '21:19', 5),
(10315, 1, 1, 2, '162.74', 1, '9:09', 5),
(10316, 1, 1, 2, '16.86', 2, '9:09', 5),
(10317, 3, 1, 2, '23.31', 1, '16:23', 1),
(10318, 4, 1, 1, '22.92', 1, '0:00', 3),
(10319, 4, 1, 1, '22.84', 2, '17:37', 1),
(10320, 2, 1, 2, '16.97', 2, '4:04', 2),
(10321, 3, 1, 1, '188.16', 1, '19:21', 1),
(10322, 4, 1, 2, '22.57', 2, '18:45', 1),
(10323, 2, 2, 2, '24.71', 2, '13:34', 4),
(10324, 3, 1, 2, '246.67', 1, '16:47', 1),
(10325, 3, 1, 2, '20.97', 1, '8:08', 5),
(10326, 1, 2, 1, '19.83', 1, '4:04', 2),
(10327, 4, 2, 1, '19.09', 1, '11:45', 5),
(10328, 3, 1, 1, '16.52', 1, '6:06', 2),
(10329, 3, 1, 1, '22.31', 1, '2:02', 3),
(10330, 2, 1, 1, '19.52', 2, '0:00', 3),
(10331, 4, 1, 2, '24.79', 2, '9:09', 5),
(10332, 4, 1, 1, '18.84', 2, '22:04', 5),
(10333, 1, 1, 2, '24.58', 2, '0:00', 3),
(10334, 2, 1, 2, '17.19', 1, '12:19', 4),
(10335, 1, 2, 2, '19.65', 1, '6:06', 2),
(10336, 3, 1, 2, '17.35', 1, '21:37', 5),
(10337, 4, 2, 2, '22.92', 2, '16:23', 1),
(10338, 2, 1, 1, '18.81', 2, '7:07', 2),
(10339, 4, 2, 2, '20.08', 1, '3:03', 3),
(10340, 4, 1, 1, '24.54', 1, '4:04', 2),
(10341, 4, 2, 2, '24.81', 1, '14:40', 4),
(10342, 4, 2, 1, '15.94', 2, '0:00', 3),
(10343, 2, 2, 2, '18.29', 2, '8:08', 5),
(10344, 1, 1, 2, '15.55', 2, '6:06', 2),
(10345, 4, 2, 2, '19.20', 2, '20:52', 5),
(10346, 4, 1, 1, '17.34', 2, '18:10', 1),
(10347, 1, 2, 1, '22.51', 2, '5:05', 2),
(10348, 3, 2, 1, '23.45', 2, '2:02', 3),
(10349, 1, 2, 2, '16.15', 2, '13:45', 4),
(10350, 4, 2, 2, '17.68', 1, '0:00', 3),
(10351, 2, 1, 1, '22.11', 1, '11:28', 5),
(10352, 4, 1, 2, '18.41', 2, '1:01', 3),
(10353, 4, 2, 2, '17.08', 2, '17:06', 1),
(10354, 3, 2, 2, '15.77', 2, '10:36', 5),
(10355, 1, 1, 2, '22.41', 1, '7:07', 2),
(10356, 2, 2, 2, '20.63', 2, '3:03', 3),
(10357, 3, 1, 1, '18.14', 1, '3:03', 3),
(10358, 2, 1, 2, '20.18', 1, '11:13', 5),
(10359, 4, 1, 1, '177.30', 1, '11:33', 5),
(10360, 3, 2, 2, '15.71', 2, '5:05', 2),
(10361, 2, 1, 2, '21.75', 2, '17:22', 1),
(10362, 3, 1, 1, '18.25', 1, '5:05', 2),
(10363, 3, 1, 2, '203.72', 1, '14:29', 4),
(10364, 4, 2, 1, '15.54', 1, '19:36', 1),
(10365, 4, 1, 2, '17.50', 2, '5:05', 2),
(10366, 1, 1, 2, '21.32', 1, '2:02', 3),
(10367, 1, 2, 2, '150.86', 1, '13:17', 4),
(10368, 4, 2, 2, '17.39', 1, '4:04', 2),
(10369, 1, 1, 2, '23.87', 2, '13:52', 4),
(10370, 2, 1, 2, '21.53', 1, '16:04', 1),
(10371, 2, 1, 2, '19.64', 2, '16:14', 1),
(10372, 4, 2, 2, '18.27', 1, '18:39', 1),
(10373, 4, 1, 2, '19.27', 2, '6:06', 2),
(10374, 2, 1, 2, '20.16', 1, '14:38', 4),
(10375, 4, 1, 2, '15.59', 2, '4:04', 2),
(10376, 3, 2, 1, '16.34', 2, '12:35', 4),
(10377, 1, 1, 2, '199.18', 1, '14:00', 4),
(10378, 3, 2, 2, '19.99', 1, '20:29', 5),
(10379, 2, 1, 1, '18.44', 2, '18:38', 1),
(10380, 4, 1, 2, '23.75', 1, '9:09', 5),
(10381, 4, 1, 2, '20.88', 2, '0:00', 3),
(10382, 3, 1, 2, '197.43', 1, '10:43', 5),
(10383, 4, 1, 2, '20.32', 1, '18:33', 1),
(10384, 3, 1, 2, '16.82', 2, '8:08', 5),
(10385, 4, 2, 2, '20.16', 1, '13:40', 4),
(10386, 4, 1, 2, '16.79', 1, '21:27', 5),
(10387, 2, 1, 1, '22.53', 1, '11:41', 5),
(10388, 3, 2, 1, '21.68', 1, '14:32', 4),
(10389, 2, 2, 1, '23.54', 1, '6:06', 2),
(10390, 1, 2, 2, '17.67', 2, '9:09', 5),
(10391, 4, 1, 2, '22.79', 1, '0:00', 3),
(10392, 1, 2, 2, '24.80', 1, '18:09', 1),
(10393, 3, 2, 1, '15.27', 1, '8:08', 5),
(10394, 4, 1, 1, '18.74', 1, '22:41', 5),
(10395, 4, 1, 2, '16.47', 2, '20:26', 5),
(10396, 4, 2, 2, '18.11', 2, '0:00', 3),
(10397, 4, 2, 2, '20.73', 2, '17:46', 1),
(10398, 4, 1, 2, '21.64', 2, '16:11', 1),
(10399, 1, 1, 2, '17.38', 1, '16:14', 1),
(10400, 4, 1, 2, '17.70', 2, '7:07', 2),
(10401, 4, 1, 2, '24.66', 1, '17:07', 1),
(10402, 4, 1, 2, '24.24', 2, '19:16', 1),
(10403, 3, 2, 1, '19.79', 1, '7:07', 2),
(10404, 2, 1, 2, '16.86', 2, '8:08', 5),
(10405, 2, 1, 2, '19.97', 2, '22:37', 5),
(10406, 1, 1, 2, '22.99', 1, '9:09', 5),
(10407, 2, 1, 2, '153.83', 1, '15:07', 4),
(10408, 3, 1, 2, '15.20', 2, '15:03', 4),
(10409, 4, 1, 2, '16.01', 2, '20:02', 5),
(10410, 4, 2, 2, '18.88', 2, '17:57', 1),
(10411, 3, 1, 1, '21.54', 1, '19:37', 1),
(10412, 1, 1, 2, '24.11', 1, '0:00', 3),
(10413, 2, 2, 2, '21.43', 1, '8:08', 5),
(10414, 2, 1, 2, '24.80', 2, '0:00', 3),
(10415, 4, 1, 2, '19.76', 2, '20:15', 5),
(10416, 2, 1, 2, '23.97', 2, '18:39', 1),
(10417, 2, 1, 2, '19.96', 2, '11:25', 5),
(10418, 4, 1, 2, '18.19', 1, '1:01', 3),
(10419, 1, 1, 2, '17.28', 2, '15:45', 4),
(10420, 4, 1, 2, '24.84', 1, '8:08', 5),
(10421, 3, 2, 1, '16.32', 1, '13:50', 4),
(10422, 2, 1, 2, '23.47', 1, '17:00', 1),
(10423, 4, 1, 1, '16.65', 1, '19:19', 1),
(10424, 1, 2, 2, '22.64', 1, '11:53', 5),
(10425, 2, 1, 2, '16.66', 1, '2:02', 3),
(10426, 2, 1, 1, '21.78', 1, '14:10', 4),
(10427, 4, 2, 2, '21.29', 2, '14:14', 4),
(10428, 2, 2, 2, '160.78', 1, '14:47', 4),
(10429, 4, 1, 2, '21.10', 1, '14:38', 4),
(10430, 1, 1, 2, '169.79', 1, '20:13', 5),
(10431, 4, 2, 2, '16.99', 1, '3:03', 3),
(10432, 2, 1, 1, '23.64', 2, '8:08', 5),
(10433, 2, 1, 1, '18.92', 1, '13:23', 4),
(10434, 4, 2, 1, '23.96', 1, '7:07', 2),
(10435, 3, 2, 2, '18.53', 1, '21:20', 5),
(10436, 4, 1, 2, '24.44', 2, '5:05', 2),
(10437, 3, 1, 2, '21.81', 2, '5:05', 2),
(10438, 3, 2, 1, '18.25', 2, '15:54', 4),
(10439, 1, 1, 2, '17.42', 1, '1:01', 3),
(10440, 3, 1, 2, '18.40', 1, '10:25', 5),
(10441, 2, 2, 1, '23.88', 2, '3:03', 3),
(10442, 4, 1, 2, '17.76', 1, '14:37', 4),
(10443, 3, 1, 1, '23.06', 1, '11:57', 5),
(10444, 4, 2, 2, '18.87', 1, '16:33', 1),
(10445, 4, 1, 2, '17.87', 2, '16:11', 1),
(10446, 1, 1, 2, '18.77', 1, '15:09', 4),
(10447, 2, 1, 2, '18.60', 2, '0:00', 3),
(10448, 2, 1, 2, '152.27', 1, '6:06', 2),
(10449, 2, 1, 2, '20.83', 1, '16:46', 1),
(10450, 4, 1, 1, '21.47', 1, '17:52', 1),
(10451, 4, 1, 2, '218.60', 1, '12:33', 4),
(10452, 2, 2, 2, '163.37', 1, '16:55', 1),
(10453, 2, 2, 2, '24.78', 1, '21:56', 5),
(10454, 4, 1, 2, '17.01', 1, '7:07', 2),
(10455, 3, 1, 2, '231.23', 1, '20:26', 5),
(10456, 1, 1, 2, '22.57', 2, '15:02', 4),
(10457, 4, 2, 2, '24.16', 2, '11:02', 5),
(10458, 3, 2, 2, '20.68', 1, '21:51', 5),
(10459, 3, 2, 2, '21.20', 2, '7:07', 2),
(10460, 4, 1, 2, '247.14', 1, '17:16', 1),
(10461, 3, 1, 2, '19.10', 1, '13:04', 4),
(10462, 3, 2, 2, '19.02', 2, '22:07', 5),
(10463, 1, 1, 2, '19.66', 1, '1:01', 3),
(10464, 4, 1, 1, '168.10', 1, '16:22', 1),
(10465, 4, 1, 2, '16.83', 1, '8:08', 5),
(10466, 1, 1, 1, '23.89', 1, '0:00', 3),
(10467, 3, 1, 2, '16.73', 2, '19:20', 1),
(10468, 3, 1, 1, '22.05', 2, '10:27', 5),
(10469, 2, 2, 1, '17.88', 1, '6:06', 2),
(10470, 4, 1, 1, '15.18', 2, '19:25', 1),
(10471, 4, 2, 2, '15.62', 2, '3:03', 3),
(10472, 2, 1, 2, '20.58', 2, '18:02', 1),
(10473, 4, 2, 1, '17.28', 2, '17:32', 1),
(10474, 4, 1, 2, '24.38', 2, '8:08', 5),
(10475, 4, 1, 2, '15.70', 1, '1:01', 3),
(10476, 2, 2, 2, '16.64', 1, '21:58', 5),
(10477, 4, 1, 1, '16.77', 1, '18:15', 1),
(10478, 4, 1, 2, '22.06', 1, '18:21', 1),
(10479, 4, 2, 2, '15.06', 2, '21:31', 5),
(10480, 4, 1, 2, '17.70', 1, '19:49', 1),
(10481, 4, 1, 2, '24.63', 1, '19:34', 1),
(10482, 1, 2, 2, '17.98', 1, '8:08', 5),
(10483, 2, 1, 1, '22.56', 1, '13:32', 4),
(10484, 4, 1, 1, '17.95', 1, '17:03', 1),
(10485, 4, 2, 2, '17.94', 2, '15:44', 4),
(10486, 4, 1, 2, '15.72', 2, '16:18', 1),
(10487, 4, 2, 1, '15.26', 2, '20:34', 5),
(10488, 3, 2, 2, '15.33', 2, '22:22', 5),
(10489, 4, 1, 1, '18.88', 1, '0:00', 3),
(10490, 2, 1, 2, '18.51', 1, '15:38', 4),
(10491, 3, 1, 1, '18.73', 2, '9:09', 5),
(10492, 3, 2, 1, '18.69', 2, '14:32', 4),
(10493, 4, 2, 2, '18.29', 2, '21:02', 5),
(10494, 4, 1, 1, '24.97', 2, '15:32', 4),
(10495, 4, 2, 2, '22.91', 1, '20:36', 5),
(10496, 2, 2, 1, '16.62', 1, '9:09', 5),
(10497, 4, 2, 1, '21.73', 1, '17:31', 1),
(10498, 1, 1, 2, '15.92', 2, '0:00', 3),
(10499, 3, 2, 1, '20.77', 1, '20:55', 5),
(10500, 4, 1, 2, '228.08', 1, '14:57', 4),
(10501, 2, 1, 1, '22.14', 1, '20:01', 5),
(10502, 2, 1, 2, '17.73', 1, '5:05', 2),
(10503, 4, 1, 2, '22.28', 2, '17:39', 1),
(10504, 4, 1, 2, '19.92', 1, '16:53', 1),
(10505, 3, 1, 2, '17.83', 2, '6:06', 2),
(10506, 3, 1, 2, '16.35', 1, '22:29', 5),
(10507, 4, 2, 2, '23.70', 1, '20:43', 5),
(10508, 3, 1, 2, '22.02', 2, '11:55', 5),
(10509, 1, 2, 2, '23.53', 2, '21:52', 5),
(10510, 2, 1, 2, '24.63', 1, '4:04', 2);

-- --------------------------------------------------------

--
-- Table structure for table `periods`
--

CREATE TABLE `periods` (
  `ID` int(1) NOT NULL,
  `PERIOD` varchar(13) DEFAULT NULL
) ENGINE=InnoDB DEFAULT CHARSET=utf8;

--
-- Dumping data for table `periods`
--

INSERT INTO `periods` (`ID`, `PERIOD`) VALUES
(1, 'Afternoon'),
(2, 'Early Morning'),
(3, 'Late Night'),
(4, 'Lunch'),
(5, 'Morning'),
(6, 'Night');

-- --------------------------------------------------------

--
-- Table structure for table `products`
--

CREATE TABLE `products` (
  `ID` int(1) NOT NULL,
  `P_NAME` varchar(6) DEFAULT NULL
) ENGINE=InnoDB DEFAULT CHARSET=utf8;

--
-- Dumping data for table `products`
--

INSERT INTO `products` (`ID`, `P_NAME`) VALUES
(1, 'Book'),
(2, 'Online');

-- --------------------------------------------------------

--
-- Table structure for table `regions`
--

CREATE TABLE `regions` (
  `ID` int(1) NOT NULL,
  `Region` varchar(5) DEFAULT NULL
) ENGINE=InnoDB DEFAULT CHARSET=utf8;

--
-- Dumping data for table `regions`
--

INSERT INTO `regions` (`ID`, `Region`) VALUES
(1, 'East'),
(2, 'North'),
(3, 'South'),
(4, 'West');

-- --------------------------------------------------------

--
-- Table structure for table `sources`
--

CREATE TABLE `sources` (
  `ID` int(1) NOT NULL,
  `Payment_Source` varchar(5) DEFAULT NULL
) ENGINE=InnoDB DEFAULT CHARSET=utf8;

--
-- Dumping data for table `sources`
--

INSERT INTO `sources` (`ID`, `Payment_Source`) VALUES
(1, 'Email'),
(2, 'Web');

--
-- Indexes for dumped tables
--

--
-- Indexes for table `methods`
--
ALTER TABLE `methods`
  ADD PRIMARY KEY (`ID`);

--
-- Indexes for table `orders`
--
ALTER TABLE `orders`
  ADD PRIMARY KEY (`Ord_ID`),
  ADD KEY `Region` (`Region`,`Payment`,`Source`,`Amount`,`Product`,`Period`),
  ADD KEY `Period` (`Period`),
  ADD KEY `Payment` (`Payment`),
  ADD KEY `Product` (`Product`),
  ADD KEY `Source` (`Source`);

--
-- Indexes for table `periods`
--
ALTER TABLE `periods`
  ADD PRIMARY KEY (`ID`);

--
-- Indexes for table `products`
--
ALTER TABLE `products`
  ADD PRIMARY KEY (`ID`);

--
-- Indexes for table `regions`
--
ALTER TABLE `regions`
  ADD PRIMARY KEY (`ID`);

--
-- Indexes for table `sources`
--
ALTER TABLE `sources`
  ADD PRIMARY KEY (`ID`);

--
-- Constraints for dumped tables
--

--
-- Constraints for table `methods`
--
ALTER TABLE `methods`
  ADD CONSTRAINT `methods_ibfk_1` FOREIGN KEY (`ID`) REFERENCES `orders` (`Payment`);

--
-- Constraints for table `orders`
--
ALTER TABLE `orders`
  ADD CONSTRAINT `orders_ibfk_1` FOREIGN KEY (`Period`) REFERENCES `periods` (`ID`),
  ADD CONSTRAINT `orders_ibfk_3` FOREIGN KEY (`Region`) REFERENCES `regions` (`ID`),
  ADD CONSTRAINT `orders_ibfk_4` FOREIGN KEY (`Product`) REFERENCES `products` (`ID`),
  ADD CONSTRAINT `orders_ibfk_5` FOREIGN KEY (`Source`) REFERENCES `sources` (`ID`);
COMMIT;

/*!40101 SET CHARACTER_SET_CLIENT=@OLD_CHARACTER_SET_CLIENT */;
/*!40101 SET CHARACTER_SET_RESULTS=@OLD_CHARACTER_SET_RESULTS */;
/*!40101 SET COLLATION_CONNECTION=@OLD_COLLATION_CONNECTION */;
